3D打印,10731067950104,993060
4G5G,10731067950089,993054
H股,10731067950297,993070
IGCC,10731067950091,993601
LED,10731067950153,993756
QFII持股,10731067950114,993625
S板,10731067950049,994005
安防,10731067950135,993047
白酒,10731067950064,993939
百货O2O,10731067950157,993031
百元股,10731067950059,993751
北斗导航,10731067950047,993961
彩票,10731067950138,993032
充电桩,10731067950282,993952
储能,10731067950278,993056
创投,10731067950352,993695
次新股,10731067950184,993075
大飞机,10731067950086,993670
大盘,10731067950071,993139
大数据,10731067950326,993067
低价,10731067950294,993144
迪士尼,10731067950127,993051
地下管廊,10731067950168,993973
电子信息,10731067950124,991006
电子支付,10731067950055,993707
二胎,10731067950077,993592
二线地产,10731067950217,993926
纺织服装,10731067950025,991008
非银金融,10731067950068,991256
高校系,10731067950205,993957
工程建筑,10731067950266,991002
工业4.0,10731067950142,993969
供水供气,10731067950288,991010
谷歌眼镜,10731067950262,993052
广东国资,10731067950177,993929
海工装备,10731067950192,993041
海洋经济,10731067950023,993043
航天军工,10731067950222,993665
合同能源,10731067950367,993708
核电,10731067950179,993736
互联金融,10731067950230,993050
互联医疗,10731067950215,993967
沪港通,10731067950102,993999
沪自贸区,10731067950082,993039
化工化纤,10731067950211,991011
黄金股,10731067950041,993801
黄金水道,10731067950270,993959
机顶盒,10731067950021,993956
基金重仓,10731067950112,993130
基因测序,10731067950079,993970
计算机,10731067950038,991004
交通工具,10731067950151,991026
交通设施,10731067950175,991016
教育传媒,10731067950118,991032
节能环保,10731067950235,993645
举牌,10731067950073,993995
抗癌药物,10731067950011,993063
蓝宝石,10731067950259,993953
冷链物流,10731067950218,993931
锂电池,10731067950036,993758
量子通信,10731067950272,993976
旅游酒店,10731067950188,991018
煤化工,10731067950137,993798
煤炭石油,10731067950080,991019
民营医院,10731067950190,993030
民营银行,10731067950209,993035
能源互联,10731067950332,993587
酿酒食品,10731067950133,991020
农机,10731067950253,993938
农林牧渔,10731067951363,991021
其他行业,10731067950376,991025
全息手机,10731067950323,993963
券商,10731067950053,991036
燃料电池,10731067950061,993954
染料涂料,10731067950261,993040
人脸识别,10731067950246,993978
融资融券,10731067950257,993752
柔性电子,10731067950318,993046
三线地产,10731067950043,993927
商业连锁,10731067950226,991023
上海国资,10731067950110,993930
社保重仓,10731067950251,993405
深ST板,10731067950196,993074
深证成指,10731067950194,993124
生态农业,10731067950100,993928
生物质能,10731067950057,993960
石墨烯,10731067950034,993055
手游,10731067950017,993059
水利建设,10731067950170,993759
送转预期,10731067950207,993591
太阳能,10731067949949,993583
特斯拉,10731067950148,993062
体育产业,10731067950159,993966
铁路基建,10731067950149,993586
通用航空,10731067950255,993666
土地流转,10731067950095,993038
土壤修复,10731067950382,993045
网络安全,10731067950040,993057
网络游戏,10731067950087,993305
污水处理,10731067950186,993029
无人机,10731067950144,993667
无人驾驶,10731067950162,993977
物联网,10731067950224,993646
西藏,10731067950291,993611
稀缺资源,10731067950173,993745
稀土永磁,10731067950116,993732
细胞治疗,10731067950280,993971
小贷典当,10731067950393,993058
小金属,10731067950239,993066
小盘,10731067950122,993141
新材料,10731067950108,993120
新疆振兴,10731067950336,993610
新能源,10731067950063,993585
虚拟现实,10731067950362,993974
央企改革,10731067950051,993962
养老产业,10731067950013,993033
页岩气,10731067950203,993028
一带一路,10731067950129,993997
医疗美容,10731067950106,993979
医疗器械,10731067950155,993064
医药电商,10731067950276,993968
仪电仪表,10731067950181,991033
疫苗,10731067950066,993933
银行类,10731067950030,991017
影视动漫,10731067950341,993069
油气勘探,10731067950075,993065
预盈预增,10731067950120,993386
员工持股,10731067950313,993998
云计算,10731067951265,993738
运输物流,10731067950242,991136
在线教育,10731067950084,993950
造纸印刷,10731067950220,991035
泽熙持股,10731067950248,993406
增持回购,10731067950388,993703
增强现实,10731067949157,993975
证金汇金,10731067950304,993996
职业教育,10731067950198,993965
智慧城市,10731067950370,993068
智慧农业,10731067950161,993972
智能电网,10731067950146,993597
智能机器,10731067950268,993061
智能家居,10731067950171,993935
智能汽车,10731067950397,993936
中盘,10731067950284,993140
中石化系,10731067950093,993949
中药,10731067950228,993932
中证100,10731067950274,993885
重磅新药,10731067950140,993048
